{"cameraMode":{"drawMode":0,"name":"Shaded","section":"Shading Mode"},"sceneLighting":false,"audioPlay":false,"sceneViewState":{"showFog":false,"showMaterialUpdate":false,"showSkybox":false,"showFlares":false,"showImageEffects":false,"showParticleSystems":false},"in2DMode":false,"pivot":{"x":-4.913876533508301,"y":-0.5310368537902832,"z":-2.2543506622314455},"rotation":{"x":-0.09249785542488098,"y":0.8514517545700073,"z":-0.16052895784378053,"w":-0.49061650037765505},"size":10.838062286376954,"orthographic":false}