{"cameraMode":{"drawMode":0,"name":"Shaded","section":"Shading Mode"},"sceneLighting":false,"audioPlay":false,"sceneViewState":{"showFog":false,"showMaterialUpdate":false,"showSkybox":false,"showFlares":false,"showImageEffects":false,"showParticleSystems":false},"in2DMode":false,"pivot":{"x":-5.158148288726807,"y":-0.9519832134246826,"z":2.8751978874206545},"rotation":{"x":-0.014716682024300099,"y":-0.9541942477226257,"z":0.04759989306330681,"w":-0.2950102686882019},"size":3.814730405807495,"orthographic":false}