{"cameraMode":{"drawMode":0,"name":"Shaded","section":"Shading Mode"},"sceneLighting":false,"audioPlay":false,"sceneViewState":{"showFog":false,"showMaterialUpdate":false,"showSkybox":false,"showFlares":false,"showImageEffects":false,"showParticleSystems":false},"in2DMode":false,"pivot":{"x":1.3581805229187012,"y":-0.039940476417541507,"z":-0.3478139638900757},"rotation":{"x":0.12983962893486024,"y":-0.7611868977546692,"z":-0.16077494621276856,"w":-0.614725649356842},"size":5.568612098693848,"orthographic":false}