{"cameraMode":{"drawMode":0,"name":"Shaded","section":"Shading Mode"},"sceneLighting":true,"audioPlay":false,"sceneViewState":{"showFog":false,"showMaterialUpdate":false,"showSkybox":false,"showFlares":false,"showImageEffects":false,"showParticleSystems":false},"in2DMode":false,"pivot":{"x":15.088253021240235,"y":0.28419029712677,"z":0.9498316049575806},"rotation":{"x":-0.022207658737897874,"y":-0.7161291241645813,"z":0.022808153182268144,"w":-0.6972415447235107},"size":17.742176055908204,"orthographic":false}