{"cameraMode":{"drawMode":0,"name":"Shaded","section":"Shading Mode"},"sceneLighting":false,"audioPlay":false,"sceneViewState":{"showFog":false,"showMaterialUpdate":false,"showSkybox":false,"showFlares":false,"showImageEffects":false,"showParticleSystems":false},"in2DMode":false,"pivot":{"x":0.0576779842376709,"y":-0.693566083908081,"z":-0.05526614189147949},"rotation":{"x":-0.0680636540055275,"y":0.18698668479919434,"z":-0.012988422997295857,"w":-0.9799156188964844},"size":2.918208122253418,"orthographic":false}