{"cameraMode":{"drawMode":0,"name":"Shaded","section":"Shading Mode"},"sceneLighting":true,"audioPlay":false,"sceneViewState":{"showFog":false,"showMaterialUpdate":false,"showSkybox":false,"showFlares":false,"showImageEffects":false,"showParticleSystems":false},"in2DMode":false,"pivot":{"x":-142.3207244873047,"y":48.90281295776367,"z":-50.1180305480957},"rotation":{"x":0.19955046474933625,"y":-0.4385187327861786,"z":0.10052455216646195,"w":0.8705031275749207},"size":105.68708038330078,"orthographic":false}