{"cameraMode":{"drawMode":0,"name":"Shaded","section":"Shading Mode"},"sceneLighting":false,"audioPlay":false,"sceneViewState":{"showFog":false,"showMaterialUpdate":false,"showSkybox":false,"showFlares":false,"showImageEffects":false,"showParticleSystems":false},"in2DMode":false,"pivot":{"x":-4.540349006652832,"y":-2.9666333198547365,"z":1.6667287349700928},"rotation":{"x":-0.014716682024300099,"y":-0.9541942477226257,"z":0.04759989306330681,"w":-0.2950102686882019},"size":0.8573654294013977,"orthographic":false}