{"cameraMode":{"drawMode":0,"name":"Shaded","section":"Shading Mode"},"sceneLighting":false,"audioPlay":false,"sceneViewState":{"showFog":false,"showMaterialUpdate":false,"showSkybox":false,"showFlares":false,"showImageEffects":false,"showParticleSystems":false},"in2DMode":false,"pivot":{"x":-5.299239158630371,"y":-1.4776530265808106,"z":2.8424155712127687},"rotation":{"x":0.14725157618522645,"y":-0.11705940961837769,"z":0.017553575336933137,"w":0.9819908738136292},"size":5.029875755310059,"orthographic":false}