{"cameraMode":{"drawMode":0,"name":"Shaded","section":"Shading Mode"},"sceneLighting":false,"audioPlay":false,"sceneViewState":{"showFog":true,"showMaterialUpdate":false,"showSkybox":false,"showFlares":true,"showImageEffects":true,"showParticleSystems":true},"in2DMode":false,"pivot":{"x":0.0014467835426330567,"y":0.0,"z":0.02938947081565857},"rotation":{"x":0.02481369860470295,"y":-0.7012187838554382,"z":0.024436751380562784,"w":0.7120950818061829},"size":1.4970422983169556,"orthographic":false}