{"cameraMode":{"drawMode":0,"name":"Shaded","section":"Shading Mode"},"sceneLighting":false,"audioPlay":false,"sceneViewState":{"showFog":true,"showMaterialUpdate":false,"showSkybox":false,"showFlares":true,"showImageEffects":true,"showParticleSystems":true},"in2DMode":false,"pivot":{"x":0.15842247009277345,"y":-6.146728992462158e-8,"z":-0.11158329248428345},"rotation":{"x":-0.04496782645583153,"y":0.7808061242103577,"z":-0.05657985806465149,"w":-0.620579183101654},"size":0.6105782389640808,"orthographic":false}