{"cameraMode":{"drawMode":0,"name":"Shaded","section":"Shading Mode"},"sceneLighting":true,"audioPlay":false,"sceneViewState":{"showFog":true,"showMaterialUpdate":false,"showSkybox":true,"showFlares":true,"showImageEffects":true,"showParticleSystems":true},"in2DMode":false,"pivot":{"x":4.592266082763672,"y":0.7025936841964722,"z":-0.502066969871521},"rotation":{"x":0.09527762979269028,"y":-0.6589878797531128,"z":0.08470342308282852,"w":0.741270899772644},"size":1.0362300872802735,"orthographic":false}