{"cameraMode":{"drawMode":0,"name":"Shaded","section":"Shading Mode"},"sceneLighting":false,"audioPlay":false,"sceneViewState":{"showFog":false,"showMaterialUpdate":false,"showSkybox":false,"showFlares":false,"showImageEffects":false,"showParticleSystems":false},"in2DMode":false,"pivot":{"x":30.92739486694336,"y":16.705276489257814,"z":14.929999351501465},"rotation":{"x":-0.014716682024300099,"y":-0.9541942477226257,"z":0.04759989306330681,"w":-0.2950102686882019},"size":32.543609619140628,"orthographic":false}