{"cameraMode":{"drawMode":0,"name":"Shaded","section":"Shading Mode"},"sceneLighting":true,"audioPlay":false,"sceneViewState":{"showFog":false,"showMaterialUpdate":false,"showSkybox":false,"showFlares":false,"showImageEffects":false,"showParticleSystems":false},"in2DMode":false,"pivot":{"x":-4.268725395202637,"y":-1.0982184410095215,"z":15.109118461608887},"rotation":{"x":-0.05969496816396713,"y":0.7727888822555542,"z":-0.0735110491514206,"w":-0.6275587677955627},"size":18.14742088317871,"orthographic":false}