{"cameraMode":{"drawMode":0,"name":"Shaded","section":"Shading Mode"},"sceneLighting":false,"audioPlay":false,"sceneViewState":{"showFog":true,"showMaterialUpdate":false,"showSkybox":false,"showFlares":true,"showImageEffects":true,"showParticleSystems":true},"in2DMode":false,"pivot":{"x":-10.90999984741211,"y":1.9763586521148682,"z":-10.859999656677246},"rotation":{"x":-0.05279335752129555,"y":0.026198500767350198,"z":-0.0013867438537999988,"w":-0.9982608556747437},"size":3.945432424545288,"orthographic":false}