{"cameraMode":{"drawMode":0,"name":"Shaded","section":"Shading Mode"},"sceneLighting":false,"audioPlay":false,"sceneViewState":{"showFog":true,"showMaterialUpdate":false,"showSkybox":false,"showFlares":true,"showImageEffects":true,"showParticleSystems":true},"in2DMode":false,"pivot":{"x":54.47722625732422,"y":14.764253616333008,"z":45.47281265258789},"rotation":{"x":0.1717546135187149,"y":0.05007532984018326,"z":-0.00874094758182764,"w":0.9838274717330933},"size":2.381042003631592,"orthographic":false}