{"cameraMode":{"drawMode":0,"name":"Shaded","section":"Shading Mode"},"sceneLighting":true,"audioPlay":false,"sceneViewState":{"showFog":true,"showMaterialUpdate":false,"showSkybox":true,"showFlares":true,"showImageEffects":true,"showParticleSystems":true},"in2DMode":false,"pivot":{"x":1.673586130142212,"y":-0.37358522415161135,"z":4.523728370666504},"rotation":{"x":0.28016313910484316,"y":0.18902620673179627,"z":-0.05636898800730705,"w":0.9394680857658386},"size":9.697097778320313,"orthographic":false}