{"cameraMode":{"drawMode":0,"name":"Shaded","section":"Shading Mode"},"sceneLighting":true,"audioPlay":false,"sceneViewState":{"showFog":true,"showMaterialUpdate":false,"showSkybox":true,"showFlares":true,"showImageEffects":true,"showParticleSystems":true},"in2DMode":false,"pivot":{"x":17.807477951049806,"y":1.2121069431304932,"z":0.29317983984947207},"rotation":{"x":0.021416623145341874,"y":0.707203209400177,"z":-0.021442411467432977,"w":0.7063605785369873},"size":22.7799015045166,"orthographic":false}