{"cameraMode":{"drawMode":0,"name":"Shaded","section":"Shading Mode"},"sceneLighting":false,"audioPlay":false,"sceneViewState":{"showFog":false,"showMaterialUpdate":false,"showSkybox":false,"showFlares":false,"showImageEffects":false,"showParticleSystems":false},"in2DMode":false,"pivot":{"x":10.800331115722657,"y":4.61569881439209,"z":0.8644646406173706},"rotation":{"x":-0.14108185470104218,"y":0.7038286328315735,"z":-0.1458619236946106,"w":-0.6807683706283569},"size":-0.049683332443237308,"orthographic":false}