{"cameraMode":{"drawMode":0,"name":"Shaded","section":"Shading Mode"},"sceneLighting":true,"audioPlay":false,"sceneViewState":{"showFog":false,"showMaterialUpdate":false,"showSkybox":false,"showFlares":false,"showImageEffects":false,"showParticleSystems":false},"in2DMode":false,"pivot":{"x":15.170309066772461,"y":1.5521018505096436,"z":0.9948215484619141},"rotation":{"x":-0.022207658737897874,"y":-0.7161291241645813,"z":0.022808153182268144,"w":-0.6972415447235107},"size":23.673839569091798,"orthographic":false}