{"cameraMode":{"drawMode":0,"name":"Shaded","section":"Shading Mode"},"sceneLighting":true,"audioPlay":false,"sceneViewState":{"showFog":false,"showMaterialUpdate":false,"showSkybox":false,"showFlares":false,"showImageEffects":false,"showParticleSystems":false},"in2DMode":false,"pivot":{"x":-11.196481704711914,"y":1.496640682220459,"z":2.4266116619110109},"rotation":{"x":-0.06416059285402298,"y":0.6293848156929016,"z":-0.052262987941503528,"w":-0.772675096988678},"size":31.42879867553711,"orthographic":false}