{"cameraMode":{"drawMode":0,"name":"Shaded","section":"Shading Mode"},"sceneLighting":false,"audioPlay":false,"sceneViewState":{"showFog":false,"showMaterialUpdate":false,"showSkybox":false,"showFlares":false,"showImageEffects":false,"showParticleSystems":false},"in2DMode":false,"pivot":{"x":-2.9606809616088869,"y":-0.6531550288200378,"z":-0.8736536502838135},"rotation":{"x":-0.06566496938467026,"y":0.8017073273658752,"z":-0.08963906764984131,"w":-0.5872974991798401},"size":7.098167419433594,"orthographic":false}