{"cameraMode":{"drawMode":0,"name":"Shaded","section":"Shading Mode"},"sceneLighting":true,"audioPlay":false,"sceneViewState":{"showFog":true,"showMaterialUpdate":false,"showSkybox":true,"showFlares":true,"showImageEffects":true,"showParticleSystems":true},"in2DMode":false,"pivot":{"x":-164.30516052246095,"y":-46.7548828125,"z":-11.90266227722168},"rotation":{"x":-0.0966065526008606,"y":0.7268864512443543,"z":-0.1045205146074295,"w":-0.6718473434448242},"size":177.56527709960938,"orthographic":false}