{"cameraMode":{"drawMode":0,"name":"Shaded","section":"Shading Mode"},"sceneLighting":false,"audioPlay":false,"sceneViewState":{"showFog":false,"showMaterialUpdate":false,"showSkybox":false,"showFlares":false,"showImageEffects":false,"showParticleSystems":false},"in2DMode":false,"pivot":{"x":20.867610931396486,"y":18.09000015258789,"z":38.89701461791992},"rotation":{"x":-0.014716682024300099,"y":-0.9541942477226257,"z":0.04759989306330681,"w":-0.2950102686882019},"size":1.7147259712219239,"orthographic":false}