{"cameraMode":{"drawMode":0,"name":"Shaded","section":"Shading Mode"},"sceneLighting":true,"audioPlay":false,"sceneViewState":{"showFog":false,"showMaterialUpdate":false,"showSkybox":false,"showFlares":false,"showImageEffects":false,"showParticleSystems":false},"in2DMode":false,"pivot":{"x":-5.99624490737915,"y":-19.988462448120118,"z":70.56076049804688},"rotation":{"x":-0.13630209863185883,"y":0.04145738109946251,"z":-0.005710807163268328,"w":-0.9897830486297607},"size":75.51958465576172,"orthographic":false}