{"cameraMode":{"drawMode":0,"name":"Shaded","section":"Shading Mode"},"sceneLighting":false,"audioPlay":false,"sceneViewState":{"showFog":true,"showMaterialUpdate":false,"showSkybox":false,"showFlares":true,"showImageEffects":true,"showParticleSystems":true},"in2DMode":false,"pivot":{"x":10.87614917755127,"y":5.925771236419678,"z":-6.3973846435546879},"rotation":{"x":0.31237825751304629,"y":0.6374688148498535,"z":-0.31648051738739016,"w":0.6292006373405457},"size":9.334230422973633,"orthographic":false}