{"cameraMode":{"drawMode":0,"name":"Shaded","section":"Shading Mode"},"sceneLighting":true,"audioPlay":false,"sceneViewState":{"showFog":false,"showMaterialUpdate":false,"showSkybox":false,"showFlares":false,"showImageEffects":false,"showParticleSystems":false},"in2DMode":false,"pivot":{"x":1.610487699508667,"y":0.4066022038459778,"z":27.771484375},"rotation":{"x":0.004148532170802355,"y":-0.013006973080337048,"z":-0.00005652808249578811,"w":-0.9999068379402161},"size":15.748902320861817,"orthographic":false}