{"cameraMode":{"drawMode":0,"name":"Shaded","section":"Shading Mode"},"sceneLighting":false,"audioPlay":false,"sceneViewState":{"showFog":true,"showMaterialUpdate":false,"showSkybox":false,"showFlares":true,"showImageEffects":true,"showParticleSystems":true},"in2DMode":false,"pivot":{"x":4.913045406341553,"y":0.4230000078678131,"z":0.16820171475410462},"rotation":{"x":-0.11367581784725189,"y":0.8863049149513245,"z":-0.32034558057785036,"w":-0.3145158290863037},"size":0.7362299561500549,"orthographic":false}