{"cameraMode":{"drawMode":0,"name":"Shaded","section":"Shading Mode"},"sceneLighting":false,"audioPlay":false,"sceneViewState":{"showFog":false,"showMaterialUpdate":false,"showSkybox":false,"showFlares":false,"showImageEffects":false,"showParticleSystems":false},"in2DMode":false,"pivot":{"x":253.00350952148438,"y":-22.182910919189454,"z":16.7578067779541},"rotation":{"x":0.006823523435741663,"y":0.6151081919670105,"z":0.00532296858727932,"w":-0.7883951663970947},"size":1.1236772537231446,"orthographic":false}