{"cameraMode":{"drawMode":0,"name":"Shaded","section":"Shading Mode"},"sceneLighting":false,"audioPlay":false,"sceneViewState":{"showFog":true,"showMaterialUpdate":false,"showSkybox":false,"showFlares":true,"showImageEffects":true,"showParticleSystems":true},"in2DMode":false,"pivot":{"x":0.0,"y":-0.9999999403953552,"z":1.1920928955078126e-7},"rotation":{"x":-0.17478686571121217,"y":0.32543328404426577,"z":-0.0613456666469574,"w":-0.9272429943084717},"size":9.335490226745606,"orthographic":false}