{"cameraMode":{"drawMode":0,"name":"Shaded","section":"Shading Mode"},"sceneLighting":true,"audioPlay":false,"sceneViewState":{"showFog":true,"showMaterialUpdate":true,"showSkybox":true,"showFlares":true,"showImageEffects":true,"showParticleSystems":true},"in2DMode":false,"pivot":{"x":-6.166868686676025,"y":-4.4343414306640629,"z":18.068706512451173},"rotation":{"x":-0.16189643740653993,"y":0.17694072425365449,"z":-0.029520396143198015,"w":-0.9703660011291504},"size":20.27775001525879,"orthographic":false}