{"cameraMode":{"drawMode":0,"name":"Shaded","section":"Shading Mode"},"sceneLighting":false,"audioPlay":false,"sceneViewState":{"showFog":true,"showMaterialUpdate":false,"showSkybox":false,"showFlares":true,"showImageEffects":true,"showParticleSystems":true},"in2DMode":false,"pivot":{"x":0.23525039851665498,"y":-0.01117705274373293,"z":0.4974304139614105},"rotation":{"x":0.1241951584815979,"y":0.4093659818172455,"z":-0.05635768920183182,"w":0.9021191596984863},"size":1.497997522354126,"orthographic":false}