{"cameraMode":{"drawMode":0,"name":"Shaded","section":"Shading Mode"},"sceneLighting":true,"audioPlay":false,"sceneViewState":{"showFog":true,"showMaterialUpdate":true,"showSkybox":true,"showFlares":true,"showImageEffects":true,"showParticleSystems":true},"in2DMode":false,"pivot":{"x":-28.383705139160158,"y":-35.000083923339847,"z":77.32632446289063},"rotation":{"x":0.19225794076919557,"y":-0.1341857612133026,"z":0.026547688990831376,"w":0.9717645049095154},"size":96.3169937133789,"orthographic":false}