{"cameraMode":{"drawMode":0,"name":"Shaded","section":"Shading Mode"},"sceneLighting":false,"audioPlay":false,"sceneViewState":{"showFog":true,"showMaterialUpdate":true,"showSkybox":true,"showFlares":true,"showImageEffects":true,"showParticleSystems":true},"in2DMode":false,"pivot":{"x":-4.574274063110352,"y":-5.352334499359131,"z":6.1657490730285648},"rotation":{"x":0.2954166531562805,"y":-0.30174487829208376,"z":0.09892835468053818,"w":0.9010506272315979},"size":10.935977935791016,"orthographic":false}