{"cameraMode":{"drawMode":0,"name":"Shaded","section":"Shading Mode"},"sceneLighting":false,"audioPlay":false,"sceneViewState":{"showFog":true,"showMaterialUpdate":true,"showSkybox":false,"showFlares":true,"showImageEffects":true,"showParticleSystems":true},"in2DMode":false,"pivot":{"x":-0.3700000047683716,"y":1.7000000476837159,"z":1.1510000228881837},"rotation":{"x":-0.0079125314950943,"y":-0.629790723323822,"z":-0.00641712686046958,"w":0.776698112487793},"size":1.8610210418701172,"orthographic":false}