{"cameraMode":{"drawMode":0,"name":"Shaded","section":"Shading Mode"},"sceneLighting":false,"audioPlay":false,"sceneViewState":{"showFog":true,"showMaterialUpdate":true,"showSkybox":false,"showFlares":true,"showImageEffects":true,"showParticleSystems":true},"in2DMode":false,"pivot":{"x":10.87614917755127,"y":5.925771236419678,"z":-6.3973846435546879},"rotation":{"x":0.19225794076919557,"y":-0.1341857612133026,"z":0.026547688990831376,"w":0.9717645049095154},"size":9.334230422973633,"orthographic":false}