{"cameraMode":{"drawMode":0,"name":"Shaded","section":"Shading Mode"},"sceneLighting":false,"audioPlay":false,"sceneViewState":{"showFog":true,"showMaterialUpdate":true,"showSkybox":true,"showFlares":true,"showImageEffects":true,"showParticleSystems":true},"in2DMode":false,"pivot":{"x":0.2715570330619812,"y":2.3061389923095705,"z":0.008036136627197266},"rotation":{"x":0.008879165165126324,"y":0.9911196231842041,"z":-0.09425302594900131,"w":0.09337818622589112},"size":6.59536075592041,"orthographic":false}