{"cameraMode":{"drawMode":0,"name":"Shaded","section":"Shading Mode"},"sceneLighting":true,"audioPlay":false,"sceneViewState":{"showFog":true,"showMaterialUpdate":true,"showSkybox":true,"showFlares":true,"showImageEffects":true,"showParticleSystems":true},"in2DMode":false,"pivot":{"x":-5.499958515167236,"y":-1.152023196220398,"z":12.9935884475708},"rotation":{"x":0.08229013532400131,"y":-0.2790716886520386,"z":0.024011434987187387,"w":0.9564365148544312},"size":14.491076469421387,"orthographic":false}