{"cameraMode":{"drawMode":0,"name":"Shaded","section":"Shading Mode"},"sceneLighting":true,"audioPlay":false,"sceneViewState":{"showFog":true,"showMaterialUpdate":true,"showSkybox":true,"showFlares":true,"showImageEffects":true,"showParticleSystems":true},"in2DMode":false,"pivot":{"x":-1.755263090133667,"y":0.969360888004303,"z":1.3497896194458008},"rotation":{"x":0.0029032055754214527,"y":0.9942246079444885,"z":-0.1035999283194542,"w":0.027857564389705659},"size":6.457268238067627,"orthographic":false}